city,timestamp,aqi,co,no2,o3,so2,pm2_5,pm10,temperature,humidity,collection_status
Delhi,2025-01-13 02:36:26,5,2563.48,27.42,0.12,18.6,242.59,290.68,11.06,93,success
Mumbai,2025-01-13 02:36:28,5,1348.5,37.01,48.64,41.01,154.57,183.22,24.03,53,success
Chennai,2025-01-13 02:36:31,2,560.76,15.77,50.07,7.33,19.76,27.78,24.46,95,success
Kolkata,2025-01-13 02:36:33,5,4753.11,108.3,12.52,143.05,649.55,828.23,17.96,77,success
Bengaluru,2025-01-13 02:36:36,2,674.25,27.76,39.7,11.09,10.05,12.59,20.02,88,success
Ahmedabad,2025-01-13 02:36:38,3,614.17,11.82,83.69,7.87,49.63,61.33,13.04,76,success
Lucknow,2025-01-13 02:36:41,5,894.55,12.85,35.41,3.87,82.72,90.78,14.57,60,success
Hyderabad,2025-01-13 02:36:43,5,1068.12,39.41,48.64,32.42,79.4,100.5,20.19,88,success
Jaipur,2025-01-13 02:36:45,5,947.95,14.57,36.84,6.44,85.41,96.2,7.6,100,success
Patna,2025-01-13 02:36:48,5,1388.55,21.08,19.49,8.35,138.85,159.75,15.97,88,success
Delhi,2025-01-13 03:23:53,5,2563.48,27.42,0.12,18.6,242.59,290.68,11.06,93,success
Mumbai,2025-01-13 03:23:56,5,1708.98,54.15,34.33,51.5,174.35,212.16,25.03,50,success
Chennai,2025-01-13 03:23:58,2,560.76,15.77,50.07,7.33,19.76,27.78,25.5,93,success
Kolkata,2025-01-13 03:24:01,5,4753.11,108.3,12.52,143.05,649.55,828.23,18.96,72,success
Bengaluru,2025-01-13 03:24:03,2,674.25,27.76,39.7,11.09,10.05,12.59,21.05,85,success
Ahmedabad,2025-01-13 03:24:06,3,614.17,11.82,83.69,7.87,49.63,61.33,13.04,76,success
Lucknow,2025-01-13 03:24:08,5,894.55,12.85,35.41,3.87,82.72,90.78,14.57,60,success
Hyderabad,2025-01-13 03:24:11,5,1068.12,39.41,48.64,32.42,79.4,100.5,20.19,83,success
Jaipur,2025-01-13 03:24:13,5,947.95,14.57,36.84,6.44,85.41,96.2,9.6,93,success
Patna,2025-01-13 03:24:16,5,1388.55,21.08,19.49,8.35,138.85,159.75,15.97,88,success
Delhi,2025-01-13 04:18:38,5,2777.1,26.39,1.19,20.74,245.92,301.94,11.06,93,success
Mumbai,2025-01-13 04:18:40,5,1976.01,60.32,36.48,63.9,187.29,229.78,26.03,47,success
Chennai,2025-01-13 04:18:43,2,554.09,15.08,52.21,8.46,17.38,25.03,25.36,92,success
Kolkata,2025-01-13 04:18:45,5,4913.33,111.04,37.55,111.58,673.01,859.18,21.96,60,success
Bengaluru,2025-01-13 04:18:48,2,720.98,30.16,38.27,11.44,10.42,12.98,21.93,80,success
Ahmedabad,2025-01-13 04:18:50,4,634.19,11.48,87.98,10.49,50.67,62.72,14.04,72,success
Lucknow,2025-01-13 04:18:53,5,894.55,11.65,41.49,3.99,81.14,89.13,17.09,51,success
Hyderabad,2025-01-13 04:18:55,5,1094.82,35.99,59.37,36.24,81.97,103.19,21.19,78,success
Jaipur,2025-01-13 04:18:58,5,1001.36,14.22,36.48,7.63,91.79,102.27,11.6,82,success
Patna,2025-01-13 04:19:00,5,1268.39,17.99,30.04,10.97,116.71,138.11,17.97,72,success
Delhi,2025-01-13 05:15:09,5,2750.4,28.45,5.5,20.98,234.93,302.15,11.06,93,success
Mumbai,2025-01-13 05:15:12,5,2029.42,60.32,55.79,75.34,192.35,236.14,27.03,44,success
Chennai,2025-01-13 05:15:14,2,527.38,11.65,58.65,9.18,12.12,18.91,25.95,89,success
Kolkata,2025-01-13 05:15:16,5,4646.3,104.19,90.12,87.74,676.33,849.52,23.96,53,success
Bengaluru,2025-01-13 05:15:18,1,667.57,25.02,45.06,11.09,9.88,12.23,24.04,73,success
Ahmedabad,2025-01-13 05:15:21,4,640.87,9.51,97.28,12.16,52.23,64.92,14.04,72,success
Lucknow,2025-01-13 05:15:23,5,947.95,10.54,42.2,3.99,85.88,97.36,19.13,46,success
Hyderabad,2025-01-13 05:15:25,5,1014.71,30.5,79.39,39.1,81.25,101.86,22.19,73,success
Jaipur,2025-01-13 05:15:27,5,1014.71,12.68,45.06,9.06,95.86,105.99,12.6,82,success
Patna,2025-01-13 05:15:30,5,1214.98,17.14,43.99,13.71,111.56,133.23,18.97,68,success
Delhi,2025-01-13 06:21:37,5,2456.67,36.33,20.74,21.22,212.97,280.2,12.06,94,success
Mumbai,2025-01-13 06:21:39,5,1949.31,60.32,94.41,87.74,195.65,237.44,28.03,44,success
Chennai,2025-01-13 06:21:42,2,500.68,8.82,67.23,9.42,7.55,13.07,26.98,87,success
Kolkata,2025-01-13 06:21:44,5,4058.84,85,168.8,90.6,661.66,810.65,24.96,50,success
Bengaluru,2025-01-13 06:21:47,1,614.17,20.05,54.36,10.73,8.89,10.95,24.24,74,success
Ahmedabad,2025-01-13 06:21:49,4,647.54,8.14,111.58,13.59,56.31,69.82,17.04,55,success
Lucknow,2025-01-13 06:21:51,5,988.01,9.43,52.93,3.73,96.02,110.2,20.75,42,success
Hyderabad,2025-01-13 06:21:54,5,894.55,25.71,104.43,42.44,81.36,101.19,25.19,61,success
Jaipur,2025-01-13 06:21:56,5,988.01,11.31,64.37,10.37,99.96,109.1,15.6,67,success
Patna,2025-01-13 06:21:58,5,1228.33,16.97,70.1,17.41,125.52,146.76,19.97,64,success
Delhi,2025-01-13 07:14:42,5,1268.39,31.19,80.82,37.67,125.06,154.1,13.06,88,success
Mumbai,2025-01-13 07:14:44,5,1976.01,59.63,145.91,91.55,212.73,257.71,29.03,45,success
Chennai,2025-01-13 07:14:47,2,473.98,5.83,76.53,8.23,5.18,8.7,27.09,86,success
Kolkata,2025-01-13 07:14:49,5,1241.68,20.74,203.13,73.43,271.09,305.02,25.96,47,success
Bengaluru,2025-01-13 07:14:51,2,527.38,13.37,66.52,7.87,6.31,7.61,25.22,73,success
Ahmedabad,2025-01-13 07:14:54,3,580.79,7.63,127.32,19.55,49.18,60.48,19.04,48,success
Lucknow,2025-01-13 07:14:56,5,714.3,4.84,114.44,8.94,98.84,106.79,21.64,41,success
Hyderabad,2025-01-13 07:14:59,4,540.73,10.28,124.45,19.79,60.21,70.79,27.19,50,success
Jaipur,2025-01-13 07:15:01,4,741.01,6.51,108.72,8.82,70.49,76.34,16.6,63,success
Patna,2025-01-13 07:15:04,5,894.55,7.63,134.47,15.5,127.21,137.12,20.97,60,success
Delhi,2025-01-13 08:20:02,5,1108.17,28.45,103,43.87,119.95,144.57,14.06,82,success
Mumbai,2025-01-13 08:20:04,5,1922.61,51.41,188.83,74.39,215.92,266.15,31.03,40,success
Chennai,2025-01-13 08:20:06,2,480.65,5.83,79.39,8.35,5.62,8.92,26.89,84,success
Kolkata,2025-01-13 08:20:08,5,881.2,9.51,203.13,51.98,202.45,224.07,25.96,47,success
Bengaluru,2025-01-13 08:20:11,2,500.68,11.82,70.1,6.74,5.22,6.17,25.15,71,success
Ahmedabad,2025-01-13 08:20:13,3,554.09,7.71,135.9,23.37,48.18,58.72,20.04,45,success
Lucknow,2025-01-13 08:20:15,5,667.57,5.48,131.61,21.22,115.61,123.13,22.37,39,success
Hyderabad,2025-01-13 08:20:17,4,473.98,7.97,128.75,15.5,56.03,64.21,27.19,47,success
Jaipur,2025-01-13 08:20:20,4,654.22,4.97,124.45,8.35,63.51,68.49,16.62,63,success
Patna,2025-01-13 08:20:22,5,787.74,4.41,151.63,12.16,132.21,140.07,21.97,53,success
Delhi,2025-01-13 09:16:36,5,1028.06,28.1,113.01,52.45,118.21,140.97,16.06,67,success
Mumbai,2025-01-13 09:16:38,5,1602.17,40.44,194.55,53.41,178.94,227.9,32.03,37,success
Chennai,2025-01-13 09:16:40,2,487.33,6.17,77.96,8.46,6.2,9.4,27.67,81,success
Kolkata,2025-01-13 09:16:42,5,834.47,8.74,203.13,46.25,186.9,206.37,25.96,47,success
Bengaluru,2025-01-13 09:16:45,2,494,11.48,74.39,6.56,5.27,6.15,25.43,70,success
Ahmedabad,2025-01-13 09:16:47,4,554.09,7.8,141.62,23.6,47.91,58.21,22.04,43,success
Lucknow,2025-01-13 09:16:49,5,667.57,6.43,141.62,30.52,126.21,134.11,22.71,38,success
Hyderabad,2025-01-13 09:16:52,4,473.98,8.48,127.32,15.26,56.05,64,28.19,39,success
Jaipur,2025-01-13 09:16:54,4,647.54,4.71,128.75,8.23,66.92,71.9,17.6,55,success
Patna,2025-01-13 09:16:57,5,774.38,3.98,153.07,10.97,135.22,143.23,22.97,46,success
Delhi,2025-01-13 10:16:15,5,894.55,22.28,111.58,38.62,98.53,120.53,16.06,67,success
Mumbai,2025-01-13 10:16:18,5,1121.52,27.42,188.83,40.05,141.73,182.26,33,38,success
Chennai,2025-01-13 10:16:20,2,453.95,6.17,92.98,6.97,20.35,23.01,27.39,80,success
Kolkata,2025-01-13 10:16:22,5,1028.06,20.56,164.51,42.44,180.77,212.53,25.96,47,success
Bengaluru,2025-01-13 10:16:25,2,427.25,6.34,87.98,3.99,6.29,7.2,25.01,73,success
Ahmedabad,2025-01-13 10:16:28,4,507.36,8.23,143.05,23.6,50.07,62.84,23.04,40,success
Lucknow,2025-01-13 10:16:30,5,714.3,3.9,138.76,8.82,109.71,118.81,22.6,38,success
Hyderabad,2025-01-13 10:16:33,4,514.03,11.14,124.45,17.88,60.94,70.7,28.68,51,success
Jaipur,2025-01-13 10:16:35,4,714.3,9.85,133.04,12.4,70.8,76.94,18.6,52,success
Patna,2025-01-13 10:16:38,5,547.41,4.93,127.32,8.35,82.62,89.67,22.97,46,success
Delhi,2025-01-13 11:12:32,5,1174.93,32.56,94.41,28.37,123,154.8,16.06,72,success
Mumbai,2025-01-13 11:12:34,5,867.84,21.94,150.2,24.8,104.72,137.05,31.03,48,success
Chennai,2025-01-13 11:12:36,2,467.3,7.71,90.84,7.51,20.77,23.95,26.65,80,success
Kolkata,2025-01-13 11:12:39,5,1455.31,39.76,123.02,42.92,214.82,272.64,24.96,50,success
Bengaluru,2025-01-13 11:12:41,2,440.6,8.48,83.69,4.11,7.09,8.06,24.93,75,success
Ahmedabad,2025-01-13 11:12:43,3,527.38,9.85,134.47,16.69,49.11,61.41,23.04,38,success
Lucknow,2025-01-13 11:12:46,5,754.36,6.86,110.15,5.31,110.41,122.54,21.73,42,success
Hyderabad,2025-01-13 11:12:48,4,527.38,13.02,115.87,17.41,61.24,70.96,27.19,44,success
Jaipur,2025-01-13 11:12:51,5,934.6,21.42,111.58,14.07,82.82,91.44,17.6,55,success
Patna,2025-01-13 11:12:53,5,747.68,10.03,111.58,9.54,110.67,121.77,21.97,56,success
Delhi,2025-01-13 12:30:17,5,1522.06,50.72,54.36,20.27,132.55,175.06,15.06,77,success
Mumbai,2025-01-13 12:30:19,5,814.44,21.94,131.61,19.79,96.8,124.69,29.03,48,success
Chennai,2025-01-13 12:30:21,2,500.68,11.14,84.4,7.87,24,29.11,26.5,85,success
Kolkata,2025-01-13 12:30:24,5,2429.96,82.94,56.51,53.41,294.89,399.35,22.96,60,success
Bengaluru,2025-01-13 12:30:26,2,467.3,12.17,74.39,4.35,8.02,9.05,24.19,78,success
Ahmedabad,2025-01-13 12:30:28,3,654.22,22.62,92.98,9.42,48.29,60.47,22.04,37,success
Lucknow,2025-01-13 12:30:31,5,881.2,14.91,75.82,4.11,119.32,137.8,17.13,55,success
Hyderabad,2025-01-13 12:30:33,4,707.63,25.36,88.69,23.84,68.57,79.14,26.19,38,success
Jaipur,2025-01-13 12:30:35,5,1268.39,43.53,57.94,13.95,98.1,111.29,16.6,63,success
Patna,2025-01-13 12:30:38,5,1068.12,17.14,85.12,8.7,169.86,186.78,20.97,60,success
Delhi,2025-01-13 13:21:06,5,1522.06,50.72,54.36,20.27,132.55,175.06,14.06,88,success
Mumbai,2025-01-13 13:21:08,5,807.76,21.76,131.61,22.17,102.02,125.64,28.03,51,success
Chennai,2025-01-13 13:21:10,2,500.68,11.14,84.4,7.87,24,29.11,26.24,85,success
Kolkata,2025-01-13 13:21:12,5,2429.96,82.94,56.51,53.41,294.89,399.35,21.96,64,success
Bengaluru,2025-01-13 13:21:15,2,514.03,17.31,62.23,5.25,9.98,11.25,22,82,success
Ahmedabad,2025-01-13 13:21:17,3,654.22,22.62,92.98,9.42,48.29,60.47,20.04,45,success
Lucknow,2025-01-13 13:21:19,5,881.2,14.91,75.82,4.11,119.32,137.8,17.03,55,success
Hyderabad,2025-01-13 13:21:22,4,707.63,25.36,88.69,23.84,68.57,79.14,24.19,57,success
Jaipur,2025-01-13 13:21:24,5,1268.39,43.53,57.94,13.95,98.1,111.29,14.6,72,success
Patna,2025-01-13 13:21:26,5,1068.12,17.14,85.12,8.7,169.86,186.78,19.97,64,success
Delhi,2025-01-13 14:14:26,5,1508.71,47.3,48.64,17.64,129.87,177.03,14.06,88,success
Mumbai,2025-01-13 14:14:28,5,921.25,27.08,121.59,28.61,112.9,139.69,29.03,48,success
Chennai,2025-01-13 14:14:31,3,520.71,11.48,82.97,7.99,27.36,34.5,26.24,87,success
Kolkata,2025-01-13 14:14:33,5,3738.4,131.61,15.02,75.34,390.43,523.94,20.96,68,success
Bengaluru,2025-01-13 14:14:35,2,554.09,20.05,53.64,6.26,13.17,14.89,21.82,83,success
Ahmedabad,2025-01-13 14:14:38,4,801.09,32.56,62.94,8.23,52.45,66.49,19.04,48,success
Lucknow,2025-01-13 14:14:40,5,921.25,15.94,69.38,4.11,123.51,143.66,16.2,58,success
Hyderabad,2025-01-13 14:14:43,5,907.9,32.9,78.68,32.42,83.41,96.22,23.19,60,success
Jaipur,2025-01-13 14:14:45,5,1214.98,40.78,50.78,11.56,96.92,110.95,14.6,77,success
Patna,2025-01-13 14:14:47,5,1134.87,17.99,80.11,8.7,190.23,209.03,19.97,64,success
Delhi,2025-01-13 15:16:21,5,1428.6,41.47,46.49,15.14,124.32,171.93,14.06,88,success
Mumbai,2025-01-13 15:16:23,5,1001.36,30.16,113.01,33.38,119.64,151.02,26.03,65,success
Chennai,2025-01-13 15:16:26,3,547.41,11.31,82.25,8.46,31.82,41.13,25.68,87,success
Kolkata,2025-01-13 15:16:28,5,6248.47,189.19,0.03,108.72,569.6,737.02,19.96,73,success
Bengaluru,2025-01-13 15:16:30,2,560.76,19.02,50.07,6.38,14.43,16.39,21.08,86,success
Ahmedabad,2025-01-13 15:16:33,4,934.6,39.76,42.92,7.75,55.85,70.88,18.04,52,success
Lucknow,2025-01-13 15:16:35,5,921.25,15.25,66.52,3.93,121.64,141.83,15.6,60,success
Hyderabad,2025-01-13 15:16:37,5,947.95,31.19,80.82,33.85,94.93,109.35,22.19,64,success
Jaipur,2025-01-13 15:16:40,5,1054.76,32.9,55.79,8.7,91.19,104.93,14.6,77,success
Patna,2025-01-13 15:16:42,5,1188.28,17.48,79.39,8.94,209.09,228.79,18.97,68,success
Delhi,2025-01-13 16:19:13,5,1335.14,35.99,44.35,13.59,118.28,163.1,13.06,94,success
Mumbai,2025-01-13 16:19:15,5,1388.55,41.13,90.84,39.58,142.07,184.98,26.03,65,success
Chennai,2025-01-13 16:19:18,3,547.41,10.11,82.97,8.58,35.92,47.69,25.73,89,success
Kolkata,2025-01-13 16:19:20,5,9399.41,252.25,0,141.14,821.14,1009.58,18.96,77,success
Bengaluru,2025-01-13 16:19:23,2,560.76,17.14,47.92,6.62,14.32,16.55,20.76,88,success
Ahmedabad,2025-01-13 16:19:25,4,1028.06,44.55,30.04,7.33,58.2,75.75,18.04,48,success
Lucknow,2025-01-13 16:19:28,5,894.55,14.22,62.94,3.76,117.16,136.64,13.01,94,success
Hyderabad,2025-01-13 16:19:30,5,961.3,28.1,89.41,33.38,102.08,117.48,21.19,68,success
Jaipur,2025-01-13 16:19:32,5,988.01,28.1,59.37,6.91,90.38,104.18,13.6,82,success
Patna,2025-01-13 16:19:35,5,1241.68,16.45,78.68,8.82,224.42,244.54,17.97,77,success
Delhi,2025-01-13 17:13:29,5,1268.39,32.9,40.77,12.16,111.45,153.93,12.06,94,success
Mumbai,2025-01-13 17:13:31,5,2056.12,58.95,60.8,47.68,183.48,243.99,27.03,57,success
Chennai,2025-01-13 17:13:33,3,547.41,9.34,82.25,8.11,38.44,52.69,25.49,90,success
Kolkata,2025-01-13 17:13:35,5,11215.21,279.67,0,144.96,1001.57,1195.84,18.96,77,success
Bengaluru,2025-01-13 17:13:37,2,554.09,15.08,45.78,6.68,13.05,15.31,20.59,89,success
Ahmedabad,2025-01-13 17:13:39,4,1081.47,45.93,22.71,6.86,60.54,81.62,18.04,52,success
Lucknow,2025-01-13 17:13:42,5,881.2,13.37,60.08,3.58,113.71,132.21,12.01,100,success
Hyderabad,2025-01-13 17:13:44,5,974.66,28.1,95.84,33.38,107.81,124.1,20.68,77,success
Jaipur,2025-01-13 17:13:46,5,1041.41,27.76,54.36,6.32,95.29,109.9,11.6,94,success
Patna,2025-01-13 17:13:48,5,1268.39,16.28,73.67,8.58,230.86,251.17,16.97,82,success
Delhi,2025-01-13 18:21:03,5,1121.52,29.13,38.98,9.66,99.67,134.7,12.06,94,success
Mumbai,2025-01-13 18:21:05,5,2563.48,74.03,37.19,52.93,217.01,288.21,26,61,success
Chennai,2025-01-13 18:21:08,3,540.73,9,81.54,7.33,38.55,53.43,25.62,91,success
Kolkata,2025-01-13 18:21:10,5,11856.08,282.41,0,122.07,1089.48,1279.93,18.96,77,success
Bengaluru,2025-01-13 18:21:12,2,547.41,13.88,46.49,6.56,10.4,12.37,20.59,89,success
Ahmedabad,2025-01-13 18:21:15,4,1054.76,41.13,21.1,5.78,62.1,84.79,16.04,59,success
Lucknow,2025-01-13 18:21:17,5,854.49,12.17,60.08,3.19,111.42,127.34,12.01,100,success
Hyderabad,2025-01-13 18:21:19,5,947.95,27.76,97.28,32.42,109.36,125.45,20.68,77,success
Jaipur,2025-01-13 18:21:22,5,1001.36,25.36,53.64,5.07,94.9,108.93,10.6,93,success
Patna,2025-01-13 18:21:24,5,1268.39,16.45,65.8,8.11,227.92,247.51,16.97,82,success
Delhi,2025-01-13 19:13:10,5,974.66,24.68,38.27,7.63,86.66,110.97,11.06,100,success
Mumbai,2025-01-13 19:13:12,5,2723.69,79.51,24.68,51.98,225.72,296,26.03,53,success
Chennai,2025-01-13 19:13:14,3,507.36,8.14,80.82,6.38,37.21,50.74,25.47,92,success
Kolkata,2025-01-13 19:13:16,5,11001.59,252.25,0,79.16,1040.43,1223.1,17.96,82,success
Bengaluru,2025-01-13 19:13:19,1,534.06,12.51,49.35,6.38,8.16,9.74,19.99,91,success
Ahmedabad,2025-01-13 19:13:21,4,934.6,30.5,27.18,4.41,59.65,79.25,15.04,63,success
Lucknow,2025-01-13 19:13:23,5,827.79,10.88,60.8,2.74,109.34,122.35,12.01,100,success
Hyderabad,2025-01-13 19:13:25,5,854.49,25.71,94.41,28.61,106.42,121.75,19.68,82,success
Jaipur,2025-01-13 19:13:28,5,907.9,21.42,57.22,3.93,89.97,102.14,11.6,82,success
Patna,2025-01-13 19:13:30,5,1241.68,16.11,57.94,7.21,220.98,238.68,15.97,88,success
Delhi,2025-01-13 20:15:29,5,894.55,21.59,36.84,7.15,79.88,99.55,11.06,100,success
Mumbai,2025-01-13 20:15:32,5,2750.4,78.14,17.17,49.11,228.75,296.25,25.03,57,success
Chennai,2025-01-13 20:15:34,3,487.33,6.51,80.82,5.9,36.6,49.19,25.24,93,success
Kolkata,2025-01-13 20:15:36,5,9719.85,211.12,0,43.87,949.77,1126.58,17.96,82,success
Bengaluru,2025-01-13 20:15:39,1,527.38,11.31,51.5,6.56,7.35,8.74,19.52,93,success
Ahmedabad,2025-01-13 20:15:41,4,767.71,19.19,42.92,3.46,52.87,67.16,15.04,63,success
Lucknow,2025-01-13 20:15:44,5,821.11,9.85,58.65,2.5,110.07,121.67,12.01,100,success
Hyderabad,2025-01-13 20:15:46,5,821.11,22.96,88.69,25.03,106.48,121.36,19.68,77,success
Jaipur,2025-01-13 20:15:48,5,841.14,17.48,62.94,3.76,85.76,96.41,9.6,93,success
Patna,2025-01-13 20:15:51,5,1228.33,15.59,50.07,6.5,214.47,231.01,15.97,88,success
Delhi,2025-01-13 21:13:02,5,867.84,19.71,35.41,7.09,76.95,95.45,10.06,100,success
Mumbai,2025-01-13 21:13:04,5,2883.91,77.46,11.36,46.73,238.13,308.44,25.03,57,success
Chennai,2025-01-13 21:13:06,3,473.98,5.18,82.25,5.42,36.72,49.05,25.24,91,success
Kolkata,2025-01-13 21:13:08,5,8544.92,174.11,0,26.46,858.93,1022.58,17.96,82,success
Bengaluru,2025-01-13 21:13:11,1,507.36,9.68,53.64,6.44,7.38,8.6,19.09,93,success
Ahmedabad,2025-01-13 21:13:13,3,634.19,10.54,65.8,3.19,45.9,55.77,15.04,63,success
Lucknow,2025-01-13 21:13:15,5,834.47,9.25,56.51,2.47,112.61,123.76,12.01,100,success
Hyderabad,2025-01-13 21:13:17,5,794.41,19.71,82.97,21.7,106.85,121.42,18.68,82,success
Jaipur,2025-01-13 21:13:20,5,787.74,14.57,65.8,3.61,81.28,90.94,8.6,100,success
Patna,2025-01-13 21:13:22,5,1228.33,15.08,43.63,5.96,210.54,226.16,14.97,94,success
Delhi,2025-01-13 22:13:03,5,841.14,18.68,34.33,7.09,75.59,93.87,10.06,100,success
Mumbai,2025-01-13 22:13:06,5,2777.1,72.66,8.05,41.96,231.93,305.03,25.03,57,success
Chennai,2025-01-13 22:13:08,3,473.98,4.71,81.54,4.89,36.49,48.65,24.97,91,success
Kolkata,2025-01-13 22:13:10,5,7156.37,141.2,0,18.36,760.6,909.39,17.96,77,success
Bengaluru,2025-01-13 22:13:13,1,494,8.48,55.79,6.38,7.72,8.88,19.31,93,success
Ahmedabad,2025-01-13 22:13:15,3,580.79,6,89.41,3.99,47.16,55.72,14.04,67,success
Lucknow,2025-01-13 22:13:18,5,847.82,9,52.93,2.41,116.91,127.94,12.03,73,success
Hyderabad,2025-01-13 22:13:20,5,801.09,18.68,76.53,20.5,108.35,122.59,17.68,88,success
Jaipur,2025-01-13 22:13:22,5,747.68,12.68,66.52,3.46,77.6,86.8,8.6,93,success
Patna,2025-01-13 22:13:25,5,1228.33,15.08,38.27,5.54,208.12,223.27,12.42,70,success
Delhi,2025-01-13 23:13:10,5,847.82,18.68,32.9,7.57,76.34,94.16,10.06,93,success
Mumbai,2025-01-13 23:13:12,5,2857.21,76.08,3.53,41.49,240.36,313.49,25.03,57,success
Chennai,2025-01-13 23:13:14,3,480.65,4.8,80.11,4.65,36.52,48.56,24.64,92,success
Kolkata,2025-01-13 23:13:17,5,6141.66,115.16,0,16.69,681.85,821.41,16.96,82,success
Bengaluru,2025-01-13 23:13:19,1,480.65,7.8,59.37,6.56,7.65,8.78,19.31,92,success
Ahmedabad,2025-01-13 23:13:21,4,587.46,4.97,95.84,4.77,57.88,66.5,13.04,76,success
Lucknow,2025-01-13 23:13:23,5,867.84,9.08,47.21,2.27,121.94,133.31,12.01,100,success
Hyderabad,2025-01-13 23:13:26,5,821.11,18.85,72.96,21.22,111.22,125.48,17.68,88,success
Jaipur,2025-01-13 23:13:28,5,734.33,12.17,64.37,3.55,75.5,84.81,8.6,93,success
Patna,2025-01-13 23:13:30,5,1228.33,14.74,33.98,5.19,208.07,221.35,11.63,73,success
Delhi,2025-01-14 01:05:05,5,1028.06,25.36,24.68,11.09,92.03,115.47,10.06,100,success
Mumbai,2025-01-14 01:05:08,5,3685,94.59,0.01,53.41,307.32,373.34,24.03,57,success
Chennai,2025-01-14 01:05:10,3,494,6.17,76.53,4.83,35.85,48.65,24.45,92,success
Kolkata,2025-01-14 01:05:12,5,4806.52,81.57,0,19.55,583.95,729.13,16.96,82,success
Bengaluru,2025-01-14 01:05:15,2,473.98,8.4,67.23,6.62,7.23,8.41,19.7,93,success
Ahmedabad,2025-01-14 01:05:17,5,627.52,6,103,8.94,89.75,97.99,13.04,76,success
Lucknow,2025-01-14 01:05:20,5,947.95,10.2,34.69,2.83,136.87,149.47,12.01,100,success
Hyderabad,2025-01-14 01:05:22,5,1001.36,28.79,63.66,25.75,121.99,137.64,17.68,88,success
Jaipur,2025-01-14 01:05:25,5,801.09,15.94,54.36,4.77,77.18,88.12,7.6,100,success
Patna,2025-01-14 01:05:27,5,1201.63,14.57,28.61,5.01,207.84,218.44,13.97,94,success
Delhi,2025-01-14 02:39:01,5,1628.88,40.78,9.74,17.41,133.63,176.66,10.06,93,success
Mumbai,2025-01-14 02:39:03,5,4432.68,83.63,0.63,79.16,350.16,432.36,24.03,60,success
Chennai,2025-01-14 02:39:05,3,560.76,12.68,74.39,6.86,36.79,54.42,25,91,success
Kolkata,2025-01-14 02:39:08,5,3898.62,58.26,4.02,26.7,498.58,647.38,17.96,82,success
Bengaluru,2025-01-14 02:39:10,1,620.84,20.74,59.37,8.11,9.94,11.75,19.09,93,success
Ahmedabad,2025-01-14 02:39:12,5,654.22,12,94.41,15.5,98.58,108.35,13.04,76,success
Lucknow,2025-01-14 02:39:14,5,1081.47,11.65,21.82,4.47,157.35,176.05,12.01,100,success
Hyderabad,2025-01-14 02:39:17,5,1548.77,56.89,34.69,38.62,127.14,146.51,18.19,94,success
Jaipur,2025-01-14 02:39:19,5,1094.82,29.82,40.77,7.99,90.24,104.04,7.6,93,success
Patna,2025-01-14 02:39:21,5,1295.09,16.11,25.39,8.23,221.54,237.48,14.97,88,success
Delhi,2025-01-14 03:14:30,5,1628.88,40.78,9.74,17.41,133.63,176.66,10.06,93,success
Mumbai,2025-01-14 03:14:32,5,4432.68,83.63,0.63,79.16,350.16,432.36,24.03,60,success
Chennai,2025-01-14 03:14:35,3,560.76,12.68,74.39,6.86,36.79,54.42,25.62,91,success
Kolkata,2025-01-14 03:14:37,5,3898.62,58.26,4.02,26.7,498.58,647.38,18.96,77,success
Bengaluru,2025-01-14 03:14:40,1,620.84,20.74,59.37,8.11,9.94,11.75,18.95,93,success
Ahmedabad,2025-01-14 03:14:42,5,654.22,12,94.41,15.5,98.58,108.35,13.04,76,success
Lucknow,2025-01-14 03:14:45,5,1081.47,11.65,21.82,4.47,157.35,176.05,12.01,100,success
Hyderabad,2025-01-14 03:14:47,5,1548.77,56.89,34.69,38.62,127.14,146.51,20.19,88,success
Jaipur,2025-01-14 03:14:50,5,1094.82,29.82,40.77,7.99,90.24,104.04,8.6,100,success
Patna,2025-01-14 03:14:52,5,1295.09,16.11,25.39,8.23,221.54,237.48,14.97,88,success
Delhi,2025-01-14 04:16:56,5,1869.2,35.64,18.24,21.22,153.13,200.37,10.06,93,success
Mumbai,2025-01-14 04:16:58,5,4859.92,85.68,4.83,92.51,366.32,456.24,26.03,53,success
Chennai,2025-01-14 04:17:00,3,487.33,6.6,90.12,6.62,33.39,47.74,27.68,82,success
Kolkata,2025-01-14 04:17:03,5,2616.88,54.84,40.77,60.08,424.21,510.64,19.96,73,success
Bengaluru,2025-01-14 04:17:05,2,667.57,25.02,55.08,9.06,10.82,12.59,19.99,86,success
Ahmedabad,2025-01-14 04:17:07,5,647.54,12.85,92.98,18.12,95.35,105.72,15.04,67,success
Lucknow,2025-01-14 04:17:10,5,1148.22,9.94,22.53,5.13,167.25,189.27,16.38,56,success
Hyderabad,2025-01-14 04:17:12,5,1201.63,37.01,52.21,37.19,94.01,111.56,22.19,78,success
Jaipur,2025-01-14 04:17:14,5,1081.47,24.68,52.21,10.25,91.41,104.68,12.6,82,success
Patna,2025-01-14 04:17:17,5,1321.79,14.22,35.41,10.61,232.01,249.87,14.97,88,success
Delhi,2025-01-14 05:13:41,5,1895.91,33.59,32.9,25.03,165.18,217.11,11.06,93,success
Mumbai,2025-01-14 05:13:43,5,5287.17,117.9,18.77,106.81,396.85,492.59,28.03,47,success
Chennai,2025-01-14 05:13:45,3,473.98,4.97,95.84,6.44,31.49,44.84,28.7,74,success
Kolkata,2025-01-14 05:13:47,5,2563.48,57.58,61.51,69.62,420.35,501.11,21.96,64,success
Bengaluru,2025-01-14 05:13:49,2,640.87,21.25,56.51,8.94,10.62,12.17,23.66,73,success
Ahmedabad,2025-01-14 05:13:52,5,627.52,11.31,95.84,19.31,89.62,100.23,17.04,63,success
Lucknow,2025-01-14 05:13:54,5,1214.98,9.68,30.76,5.48,177.39,203.43,12.01,100,success
Hyderabad,2025-01-14 05:13:56,5,961.3,26.39,71.53,37.19,78.51,94.98,22.19,78,success
Jaipur,2025-01-14 05:13:58,5,1121.52,21.94,62.94,13.59,98.71,112.53,14.6,72,success
Patna,2025-01-14 05:14:01,5,1335.14,13.71,54.36,12.52,245.08,264.84,14.97,88,success
Delhi,2025-01-14 06:19:36,5,1695.63,32.56,60.8,29.8,171.37,220.08,13.06,82,success
Mumbai,2025-01-14 06:19:38,5,5447.39,164.51,75.1,122.07,449.07,547.8,29.03,45,success
Chennai,2025-01-14 06:19:41,3,460.63,4.28,97.28,6.02,27.82,40.04,29.2,73,success
Kolkata,2025-01-14 06:19:43,5,2536.77,60.32,87.98,74.39,414.43,492.34,22.96,60,success
Bengaluru,2025-01-14 06:19:46,1,594.14,16.28,59.37,8.11,9.72,10.96,24.98,69,success
Ahmedabad,2025-01-14 06:19:48,5,607.49,9.94,105.86,20.27,85.1,95.74,20.04,52,success
Lucknow,2025-01-14 06:19:51,5,1241.68,9.94,52.93,6.26,193.42,221.85,13.01,100,success
Hyderabad,2025-01-14 06:19:53,4,814.44,20.56,95.84,38.15,73.42,88.99,26.19,61,success
Jaipur,2025-01-14 06:19:55,5,1161.58,21.94,82.25,17.41,111.78,126.42,16.6,63,success
Patna,2025-01-14 06:19:58,5,1348.5,12.85,87.98,14.66,264.39,285.32,15.97,88,success
Delhi,2025-01-14 07:13:03,5,1214.98,22.62,124.45,42.44,166.99,197.71,15.06,67,success
Mumbai,2025-01-14 07:13:05,5,4325.87,149.43,161.65,150.68,427.45,508.49,31.03,40,success
Chennai,2025-01-14 07:13:07,2,433.92,3.94,97.28,5.48,23.38,33.92,29.49,70,success
Kolkata,2025-01-14 07:13:09,5,1201.63,23.99,161.65,87.74,252.37,281.88,22.96,60,success
Bengaluru,2025-01-14 07:13:12,2,520.71,10.71,66.52,5.66,6.71,7.55,25.47,68,success
Ahmedabad,2025-01-14 07:13:14,4,547.41,9.6,121.59,25.99,74.81,83.98,22.04,49,success
Lucknow,2025-01-14 07:13:16,5,854.49,4.37,125.89,35.76,152.74,167.38,14.01,94,success
Hyderabad,2025-01-14 07:13:18,4,554.09,10.8,111.58,20.5,68.33,78.56,26.19,57,success
Jaipur,2025-01-14 07:13:21,4,620.84,10.28,127.32,22.41,57.59,63.41,17.6,55,success
Patna,2025-01-14 07:13:23,5,894.55,5.4,150.2,18.12,185.7,197.06,16.97,82,success
Delhi,2025-01-14 08:18:24,5,1041.41,17.31,150.2,43.39,160.27,185.34,17.06,63,success
Mumbai,2025-01-14 08:18:27,5,4165.65,134.35,248.91,141.14,512.29,602.48,32.03,35,success
Chennai,2025-01-14 08:18:29,2,417.23,3.81,98.71,5.25,20.33,29.88,29.14,71,success
Kolkata,2025-01-14 08:18:31,5,947.95,12.68,185.97,64.85,216.28,237.33,23.96,60,success
Bengaluru,2025-01-14 08:18:33,2,507.36,9,70.81,5.13,5.39,6.12,25.84,66,success
Ahmedabad,2025-01-14 08:18:36,4,507.36,10.2,131.61,31.95,69.83,78.14,23.04,46,success
Lucknow,2025-01-14 08:18:38,5,720.98,2.61,140.19,29.8,127.68,138.76,19.01,68,success
Hyderabad,2025-01-14 08:18:40,4,514.03,9.94,111.58,16.93,63.02,71.5,27.19,47,success
Jaipur,2025-01-14 08:18:42,4,554.09,7.88,143.05,20.74,50.69,55.59,18.6,52,success
Patna,2025-01-14 08:18:45,5,747.68,3.38,161.65,16.69,154.12,163.04,15.97,88,success
Delhi,2025-01-14 09:14:49,5,974.66,15.42,161.65,42.44,157.13,180.68,17.06,67,success
Mumbai,2025-01-14 09:14:51,5,3738.4,109.67,300.41,120.16,553.98,652.35,32.03,37,success
Chennai,2025-01-14 09:14:53,2,407.22,3.73,97.28,5.01,19.26,28.43,28.92,71,success
Kolkata,2025-01-14 09:14:55,5,907.9,11.48,188.83,55.79,206.76,226.18,23.96,57,success
Bengaluru,2025-01-14 09:14:58,2,507.36,8.82,75.82,5.31,5.33,6.11,25.16,69,success
Ahmedabad,2025-01-14 09:15:00,4,494,10.54,137.33,34.33,69.65,77.68,23.04,46,success
Lucknow,2025-01-14 09:15:02,5,694.28,2.46,145.91,27.42,123.39,133.78,19.01,72,success
Hyderabad,2025-01-14 09:15:04,4,520.71,10.71,111.58,16.93,62.25,70.52,28.68,47,success
Jaipur,2025-01-14 09:15:07,4,540.73,6.86,150.2,19.55,49.84,54.71,18.6,48,success
Patna,2025-01-14 09:15:09,5,720.98,3.38,163.08,16.21,146.51,155.09,15.97,88,success
Delhi,2025-01-14 10:14:46,5,1588.82,31.87,163.08,38.62,243.96,287.53,19.06,59,success
Mumbai,2025-01-14 10:14:48,5,2456.67,78.14,300.41,83.92,378.1,450.54,31.03,45,success
Chennai,2025-01-14 10:14:50,2,440.6,4.16,92.98,5.31,20.95,29.76,28.44,73,success
Kolkata,2025-01-14 10:14:53,5,881.2,24.33,158.79,48.64,157.87,180.64,23.96,60,success
Bengaluru,2025-01-14 10:14:55,2,440.6,7.63,70.1,4.23,4.82,6.26,25.09,68,success
Ahmedabad,2025-01-14 10:14:58,3,460.63,10.54,134.47,28.85,49.54,57.2,25.04,41,success
Lucknow,2025-01-14 10:15:00,5,680.92,4.28,121.59,14.9,118.05,129.63,19.01,72,success
Hyderabad,2025-01-14 10:15:02,4,534.06,10.8,125.89,18.36,69.44,78.3,28.68,47,success
Jaipur,2025-01-14 10:15:05,4,687.6,12.34,140.19,18.6,61.33,68.23,19.6,45,success
Patna,2025-01-14 10:15:07,5,767.71,7.63,127.32,10.85,146.35,158.23,15.97,88,success
Delhi,2025-01-14 11:11:24,5,2162.93,56.89,111.58,32.9,277.19,344.54,18.06,63,success
Mumbai,2025-01-14 11:11:26,5,1708.98,46.61,291.82,58.65,282,346.28,29.03,54,success
Chennai,2025-01-14 11:11:28,2,447.27,5.91,88.69,5.9,21.41,30.75,27.89,76,success
Kolkata,2025-01-14 11:11:30,5,1121.52,42.16,125.89,50.55,169.63,205.68,22.96,64,success
Bengaluru,2025-01-14 11:11:33,2,453.95,9.17,72.24,4.77,6.27,8.15,25.17,68,success
Ahmedabad,2025-01-14 11:11:35,3,480.65,11.31,128.75,20.03,47.79,55.62,24.04,38,success
Lucknow,2025-01-14 11:11:37,5,767.71,8.91,103,13.83,129.79,146.48,19.01,72,success
Hyderabad,2025-01-14 11:11:39,4,547.41,13.2,115.87,18.12,68.56,77.36,27.19,41,success
Jaipur,2025-01-14 11:11:42,4,947.95,25.36,113.01,17.88,73.04,83.04,19.6,37,success
Patna,2025-01-14 11:11:44,5,894.55,16.28,87.98,9.66,148.53,166.45,15.97,88,success
Delhi,2025-01-14 12:27:46,5,2777.1,90.48,60.08,34.81,304.82,393.66,17.06,72,success
Mumbai,2025-01-14 12:27:48,5,1241.68,37.01,234.6,46.73,194.35,243.4,28,61,success
Chennai,2025-01-14 12:27:51,2,453.95,8.48,82.97,6.14,20.93,30.37,26.95,79,success
Kolkata,2025-01-14 12:27:53,5,1361.85,56.21,95.84,48.64,181.14,228.89,22.96,64,success
Bengaluru,2025-01-14 12:27:55,2,467.3,12.34,70.81,5.01,7.64,9.94,23.96,73,success
Ahmedabad,2025-01-14 12:27:57,3,514.03,14.22,118.73,13.83,45.53,53.18,23.04,40,success
Lucknow,2025-01-14 12:28:00,5,867.84,15.42,95.84,16.21,138.84,160.63,17.01,82,success
Hyderabad,2025-01-14 12:28:02,4,560.76,15.25,108.72,16.93,67.16,75.98,26.19,47,success
Jaipur,2025-01-14 12:28:04,5,1228.33,42.16,80.11,17.41,82.71,95.99,18.6,42,success
Patna,2025-01-14 12:28:06,5,1041.41,26.39,62.23,10.25,155.92,179.41,15.97,88,success
Delhi,2025-01-14 13:19:11,5,3177.64,115.16,22.89,42.44,330.64,442.84,16.06,77,success
Mumbai,2025-01-14 13:19:13,5,1028.06,32.56,178.81,41.49,147.35,185.69,27.03,65,success
Chennai,2025-01-14 13:19:15,2,467.3,9.51,79.39,6.08,20.26,29.91,26.73,80,success
Kolkata,2025-01-14 13:19:18,5,1789.09,80.88,63.66,51.02,201.7,264.48,21.96,68,success
Bengaluru,2025-01-14 13:19:20,2,480.65,15.59,67.23,5.48,9.1,11.87,22.89,77,success
Ahmedabad,2025-01-14 13:19:22,3,567.44,17.99,104.43,10.61,44.32,51.99,23.04,40,success
Lucknow,2025-01-14 13:19:24,5,974.66,21.25,88.69,19.07,148.87,175.78,17.04,46,success
Hyderabad,2025-01-14 13:19:26,4,687.6,22.96,97.28,22.65,70.21,79.75,24.68,60,success
Jaipur,2025-01-14 13:19:28,5,1361.85,48.67,52.93,15.74,85.3,101.2,16.6,51,success
Patna,2025-01-14 13:19:31,5,1174.93,33.59,46.49,11.8,165.15,194.7,15.97,88,success
Delhi,2025-01-14 14:13:24,5,3417.97,120.64,4.6,47.21,357.67,495.1,14.06,88,success
Mumbai,2025-01-14 14:13:26,5,1041.41,30.85,141.62,37.67,135.89,173.16,26.03,73,success
Chennai,2025-01-14 14:13:28,2,473.98,8.91,78.68,6.26,20.34,31.06,26.41,81,success
Kolkata,2025-01-14 14:13:31,5,2403.26,105.56,33.62,52.93,234.93,320.18,20.96,68,success
Bengaluru,2025-01-14 14:13:33,2,473.98,16.28,67.23,6.5,11.3,14.78,22.14,81,success
Ahmedabad,2025-01-14 14:13:35,3,627.52,20.56,92.98,9.06,44.57,52.43,21.04,52,success
Lucknow,2025-01-14 14:13:37,5,1094.82,26.39,80.11,21.7,160.83,193.56,14.01,94,success
Hyderabad,2025-01-14 14:13:40,5,834.47,29.13,89.41,29.56,76.6,87.58,24.19,60,success
Jaipur,2025-01-14 14:13:42,5,1295.09,42.84,45.42,12.88,82.69,99.03,15.6,55,success
Patna,2025-01-14 14:13:44,5,1281.74,35.64,36.84,12.52,175.74,211.57,15.97,88,success
Delhi,2025-01-14 15:14:31,5,3578.19,113.79,0.51,50.07,383.95,541.98,13.06,88,success
Mumbai,2025-01-14 15:14:33,5,1134.87,30.85,120.16,38.15,143.83,183.21,26.03,69,success
Chennai,2025-01-14 15:14:36,2,487.33,8.31,79.39,6.44,20.3,32.14,26.15,82,success
Kolkata,2025-01-14 15:14:38,5,2964.02,119.27,15.74,51.98,268.61,372.55,19.96,77,success
Bengaluru,2025-01-14 15:14:41,2,473.98,15.59,68.67,7.09,14.08,18.14,21.51,83,success
Ahmedabad,2025-01-14 15:14:43,3,660.9,21.76,87.26,7.87,42.78,50.32,18.04,59,success
Lucknow,2025-01-14 15:14:46,5,1214.98,31.19,73.67,23.84,174.26,212.61,15.64,51,success
Hyderabad,2025-01-14 15:14:48,5,881.2,27.76,88.69,30.28,80.92,92.89,23.19,60,success
Jaipur,2025-01-14 15:14:51,5,1081.47,33.59,51.5,10.13,75.6,90.02,14.6,58,success
Patna,2025-01-14 15:14:53,5,1375.2,34.62,31.11,12.4,186.12,226.14,14.97,94,success
Delhi,2025-01-14 16:17:22,5,3685,106.93,0.12,51.98,411.12,584.15,12.06,94,success
Mumbai,2025-01-14 16:17:24,5,1482.01,39.76,97.28,44.82,167.88,214.27,26.03,65,success
Chennai,2025-01-14 16:17:26,2,480.65,7.28,81.54,6.38,19.62,31.4,26.13,83,success
Kolkata,2025-01-14 16:17:29,5,3524.78,131.61,5.5,55.31,308.86,421.22,19.96,73,success
Bengaluru,2025-01-14 16:17:31,2,500.68,15.94,67.95,8.11,19.07,24.04,20.76,87,success
Ahmedabad,2025-01-14 16:17:33,3,680.92,22.28,80.11,6.97,40.1,48.04,18.04,59,success
Lucknow,2025-01-14 16:17:36,5,1321.79,34.27,67.23,25.99,189.2,232.24,15.06,53,success
Hyderabad,2025-01-14 16:17:38,5,921.25,27.08,86.55,29.33,85,98.15,22.19,68,success
Jaipur,2025-01-14 16:17:40,4,921.25,27.08,59.37,8.11,71.74,84.09,13.6,67,success
Patna,2025-01-14 16:17:43,5,1441.96,31.87,27.54,11.44,195.65,238,14.97,94,success
